﻿{
	"Language": "Ethiopic (ግዕዝ)",
	"Transpositions":
	{
		"b": ["{U+1268}"],
		"c": ["{U+AB28}"],
		"d": ["{U+1300}", "{U+12F8}", "{U+AB09}"],
		"g": ["{U+1318}", "{U+2DD8}"],
		"j": ["{U+1238}", "{U+2DA0}", "{U+AB01}"],
		"k": ["{U+12B8}", "{U+2DC8}", "{U+2DD0}"],
		"n": ["{U+1298}"],
		"q": ["{U+1250}", "{U+2DC0}"],
		"t": ["{U+1278}", "{U+2DA8}"],
		"u": ["{U+1328}", "{U+AB20}", "{U+2DB8}"],
		"z": ["{U+AB11}", "{U+12E0}", "{U+2DB0}"],

		"space": ["{U+1361}"],
		"\\": ["{U+135F}", "{U+135D}"]
	}
}
