﻿{
	"Language": "Russian Cyrillic (  кирилица )",
	"Transpositions":
	{
		"a": ["а́"],
		"e": ["е́"],
		"i": ["и́"],
		"o": ["о́"],
		"u": ["у́"],
		"y": ["ы́"],
		"q": ["я́"],

		"g": ["", "ѓ"],
		"d": ["", "δ"],
		"l": ["", "ᴧ"],
		"h": ["", "һ"],

		"1": ["ю́"],
		"3": ["э́"],
		"4": ["ё́"],
		"5": ["", "ч́"],
		"7": ["є́"],
		"8": ["і́"],
		"9": ["ї́"],
		"0": ["ў́"],

		"space": ["", "ь", "ъ", "{U+0301}"]
	}
}
