{
"lisubosa": {
    "defaults": {
        "ttf": "LisuBosa-Regular.ttf",
        "woff": "LisuBosa-Regular.woff",
        "woff2": "LisuBosa-Regular.woff2"
    },
    "family": "Lisu Bosa",
    "files": {
        "LisuBosa-Black.ttf": { "altfamily": "Lisu Bosa Black", "axes": { "ital": 0, "wght": 900.0 }, "packagepath": "LisuBosa-Black.ttf" },
        "LisuBosa-Black.woff": { "altfamily": "Lisu Bosa Black", "axes": { "ital": 0, "wght": 900.0 }, "packagepath": "web/LisuBosa-Black.woff" },
        "LisuBosa-Black.woff2": { "altfamily": "Lisu Bosa Black", "axes": { "ital": 0, "wght": 900.0 }, "packagepath": "web/LisuBosa-Black.woff2" },
        "LisuBosa-BlackItalic.ttf": { "altfamily": "Lisu Bosa Black", "axes": { "ital": 1, "wght": 900.0 }, "packagepath": "LisuBosa-BlackItalic.ttf" },
        "LisuBosa-BlackItalic.woff": { "altfamily": "Lisu Bosa Black", "axes": { "ital": 1, "wght": 900.0 }, "packagepath": "web/LisuBosa-BlackItalic.woff" },
        "LisuBosa-BlackItalic.woff2": { "altfamily": "Lisu Bosa Black", "axes": { "ital": 1, "wght": 900.0 }, "packagepath": "web/LisuBosa-BlackItalic.woff2" },
        "LisuBosa-Bold.ttf": { "axes": { "ital": 0, "wght": 700.0 }, "packagepath": "LisuBosa-Bold.ttf" },
        "LisuBosa-Bold.woff": { "axes": { "ital": 0, "wght": 700.0 }, "packagepath": "web/LisuBosa-Bold.woff" },
        "LisuBosa-Bold.woff2": { "axes": { "ital": 0, "wght": 700.0 }, "packagepath": "web/LisuBosa-Bold.woff2" },
        "LisuBosa-BoldItalic.ttf": { "axes": { "ital": 1, "wght": 700.0 }, "packagepath": "LisuBosa-BoldItalic.ttf" },
        "LisuBosa-BoldItalic.woff": { "axes": { "ital": 1, "wght": 700.0 }, "packagepath": "web/LisuBosa-BoldItalic.woff" },
        "LisuBosa-BoldItalic.woff2": { "axes": { "ital": 1, "wght": 700.0 }, "packagepath": "web/LisuBosa-BoldItalic.woff2" },
        "LisuBosa-ExtraBold.ttf": { "altfamily": "Lisu Bosa ExtraBold", "axes": { "ital": 0, "wght": 800.0 }, "packagepath": "LisuBosa-ExtraBold.ttf" },
        "LisuBosa-ExtraBold.woff": { "altfamily": "Lisu Bosa ExtraBold", "axes": { "ital": 0, "wght": 800.0 }, "packagepath": "web/LisuBosa-ExtraBold.woff" },
        "LisuBosa-ExtraBold.woff2": { "altfamily": "Lisu Bosa ExtraBold", "axes": { "ital": 0, "wght": 800.0 }, "packagepath": "web/LisuBosa-ExtraBold.woff2" },
        "LisuBosa-ExtraBoldItalic.ttf": { "altfamily": "Lisu Bosa ExtraBold", "axes": { "ital": 1, "wght": 800.0 }, "packagepath": "LisuBosa-ExtraBoldItalic.ttf" },
        "LisuBosa-ExtraBoldItalic.woff": { "altfamily": "Lisu Bosa ExtraBold", "axes": { "ital": 1, "wght": 800.0 }, "packagepath": "web/LisuBosa-ExtraBoldItalic.woff" },
        "LisuBosa-ExtraBoldItalic.woff2": { "altfamily": "Lisu Bosa ExtraBold", "axes": { "ital": 1, "wght": 800.0 }, "packagepath": "web/LisuBosa-ExtraBoldItalic.woff2" },
        "LisuBosa-ExtraLight.ttf": { "altfamily": "Lisu Bosa ExtraLight", "axes": { "ital": 0, "wght": 200.0 }, "packagepath": "LisuBosa-ExtraLight.ttf" },
        "LisuBosa-ExtraLight.woff": { "altfamily": "Lisu Bosa ExtraLight", "axes": { "ital": 0, "wght": 200.0 }, "packagepath": "web/LisuBosa-ExtraLight.woff" },
        "LisuBosa-ExtraLight.woff2": { "altfamily": "Lisu Bosa ExtraLight", "axes": { "ital": 0, "wght": 200.0 }, "packagepath": "web/LisuBosa-ExtraLight.woff2" },
        "LisuBosa-ExtraLightItalic.ttf": { "altfamily": "Lisu Bosa ExtraLight", "axes": { "ital": 1, "wght": 200.0 }, "packagepath": "LisuBosa-ExtraLightItalic.ttf" },
        "LisuBosa-ExtraLightItalic.woff": { "altfamily": "Lisu Bosa ExtraLight", "axes": { "ital": 1, "wght": 200.0 }, "packagepath": "web/LisuBosa-ExtraLightItalic.woff" },
        "LisuBosa-ExtraLightItalic.woff2": { "altfamily": "Lisu Bosa ExtraLight", "axes": { "ital": 1, "wght": 200.0 }, "packagepath": "web/LisuBosa-ExtraLightItalic.woff2" },
        "LisuBosa-Italic.ttf": { "axes": { "ital": 1, "wght": 400.0 }, "packagepath": "LisuBosa-Italic.ttf" },
        "LisuBosa-Italic.woff": { "axes": { "ital": 1, "wght": 400.0 }, "packagepath": "web/LisuBosa-Italic.woff" },
        "LisuBosa-Italic.woff2": { "axes": { "ital": 1, "wght": 400.0 }, "packagepath": "web/LisuBosa-Italic.woff2" },
        "LisuBosa-Light.ttf": { "altfamily": "Lisu Bosa Light", "axes": { "ital": 0, "wght": 300.0 }, "packagepath": "LisuBosa-Light.ttf" },
        "LisuBosa-Light.woff": { "altfamily": "Lisu Bosa Light", "axes": { "ital": 0, "wght": 300.0 }, "packagepath": "web/LisuBosa-Light.woff" },
        "LisuBosa-Light.woff2": { "altfamily": "Lisu Bosa Light", "axes": { "ital": 0, "wght": 300.0 }, "packagepath": "web/LisuBosa-Light.woff2" },
        "LisuBosa-LightItalic.ttf": { "altfamily": "Lisu Bosa Light", "axes": { "ital": 1, "wght": 300.0 }, "packagepath": "LisuBosa-LightItalic.ttf" },
        "LisuBosa-LightItalic.woff": { "altfamily": "Lisu Bosa Light", "axes": { "ital": 1, "wght": 300.0 }, "packagepath": "web/LisuBosa-LightItalic.woff" },
        "LisuBosa-LightItalic.woff2": { "altfamily": "Lisu Bosa Light", "axes": { "ital": 1, "wght": 300.0 }, "packagepath": "web/LisuBosa-LightItalic.woff2" },
        "LisuBosa-Medium.ttf": { "altfamily": "Lisu Bosa Medium", "axes": { "ital": 0, "wght": 500.0 }, "packagepath": "LisuBosa-Medium.ttf" },
        "LisuBosa-Medium.woff": { "altfamily": "Lisu Bosa Medium", "axes": { "ital": 0, "wght": 500.0 }, "packagepath": "web/LisuBosa-Medium.woff" },
        "LisuBosa-Medium.woff2": { "altfamily": "Lisu Bosa Medium", "axes": { "ital": 0, "wght": 500.0 }, "packagepath": "web/LisuBosa-Medium.woff2" },
        "LisuBosa-MediumItalic.ttf": { "altfamily": "Lisu Bosa Medium", "axes": { "ital": 1, "wght": 500.0 }, "packagepath": "LisuBosa-MediumItalic.ttf" },
        "LisuBosa-MediumItalic.woff": { "altfamily": "Lisu Bosa Medium", "axes": { "ital": 1, "wght": 500.0 }, "packagepath": "web/LisuBosa-MediumItalic.woff" },
        "LisuBosa-MediumItalic.woff2": { "altfamily": "Lisu Bosa Medium", "axes": { "ital": 1, "wght": 500.0 }, "packagepath": "web/LisuBosa-MediumItalic.woff2" },
        "LisuBosa-Regular.ttf": { "axes": { "ital": 0, "wght": 400.0 }, "packagepath": "LisuBosa-Regular.ttf" },
        "LisuBosa-Regular.woff": { "axes": { "ital": 0, "wght": 400.0 }, "packagepath": "web/LisuBosa-Regular.woff" },
        "LisuBosa-Regular.woff2": { "axes": { "ital": 0, "wght": 400.0 }, "packagepath": "web/LisuBosa-Regular.woff2" },
        "LisuBosa-SemiBold.ttf": { "altfamily": "Lisu Bosa SemiBold", "axes": { "ital": 0, "wght": 600.0 }, "packagepath": "LisuBosa-SemiBold.ttf" },
        "LisuBosa-SemiBold.woff": { "altfamily": "Lisu Bosa SemiBold", "axes": { "ital": 0, "wght": 600.0 }, "packagepath": "web/LisuBosa-SemiBold.woff" },
        "LisuBosa-SemiBold.woff2": { "altfamily": "Lisu Bosa SemiBold", "axes": { "ital": 0, "wght": 600.0 }, "packagepath": "web/LisuBosa-SemiBold.woff2" },
        "LisuBosa-SemiBoldItalic.ttf": { "altfamily": "Lisu Bosa SemiBold", "axes": { "ital": 1, "wght": 600.0 }, "packagepath": "LisuBosa-SemiBoldItalic.ttf" },
        "LisuBosa-SemiBoldItalic.woff": { "altfamily": "Lisu Bosa SemiBold", "axes": { "ital": 1, "wght": 600.0 }, "packagepath": "web/LisuBosa-SemiBoldItalic.woff" },
        "LisuBosa-SemiBoldItalic.woff2": { "altfamily": "Lisu Bosa SemiBold", "axes": { "ital": 1, "wght": 600.0 }, "packagepath": "web/LisuBosa-SemiBoldItalic.woff2" }
    },
    "version": "2.000"
}
}
