﻿{
	"Language": "Khmer ( អក្សរខ្មែរ )",
	"Transpositions":
	{
		"a": ["{U+17A2}", "{U+17A4}"],
		"e": ["{U+17C2}", "{U+17FF}", "{U+17B0}"],
		"i": ["{U+17B8}", "{U+17A5}", "{U+17A6}"],
		"o": ["{U+17C5}", "{U+17B1}", "{U+17B3}", "{U+17B2}"],
		"u": ["{U+17BC}", "{U+17A7}", "{U+17A9}"],

		"b": ["{U+1797}"],
		"c": ["{U+1786}"],
		"d": ["{U+1792}"],
		"f": ["{U+178D}"],
		"g": ["{U+1783}"],
		"h": ["{U+17C7}", "{U+17C8}", "{U+17DC}"],
		"j": ["{U+1788}"],
		"k": ["{U+1781}"],
		"l": ["{U+17A1}"],
		"m": ["{U+1784}"],
		"n": ["{U+178E}", "{U+1789}", "{U+1784}"],
		"p": ["{U+1795}"],
		"q": ["{U+178B}"],
		"r": ["", "{U+17DB}"],
		"t": ["{U+1790}"],
		"z": ["{U+17AC}", "{U+17AD}", "{U+17AE}"],

		"6": ["{U+17C8}", "{U+17DC}"],
		"8": ["{U+17BA}", "{U+17AA}", "{U+17A8}"],

		"\\": ["{U+17D5}"],
		"space": ["{U+17D1}", "{U+17CD}", "{U+17DD}"]
	}
}
