﻿{
	"Language": "Hindi (  देवनागरी )",
	"Transpositions":
	{
		"a": ["{U+0906}", "{U+0906}"],
		"e": ["{U+0948}", "{U+0910}"],
		"i": ["{U+0940}", "{U+0908}"],
		"o": ["{U+094C}", "{U+0914}"],
		"u": ["{U+0942}", "{U+090A}"],

		"b": ["{U+092D}", "{U+097F}"],
		"c": ["{U+091B}", "", "{U+A8F8}"],
		"d": ["{U+0927}", "{U+097E}", "{U+0978}"],
		"f": ["{U+0922}", "{U+095C}", "{U+095D}"],
		"g": ["{U+0918}", "{U+095A}", "{U+097B}"],
		"h": ["{U+0903}", "{U+0959}"],
		"j": ["{U+091D}", "{U+091C}{U+094D}{U+091E}", "{U+097C}"],
		"k": ["{U+0916}", "{U+0958}", "{U+0959}"],
		"l": ["{U+0933}", "{U+0934}"],
		"m": ["{U+0919}", "{U+0929}"],
		"n": ["{U+0923}", "{U+091E}", "{U+0919}"],
		"p": ["{U+092B}", "{U+095E}"],
		"q": ["{U+0920}"],
		"r": ["{U+094D}{U+0930}", "{U+0930}{U+094D}", "{U+0930}{U+094D}{U+200D}"],
		"s": ["{U+0938}{U+094D}{U+0930}", "{U+0938}{U+094D}{U+0928}"],
		"t": ["{U+0925}"],
		"v": ["{U+095E}"],
		"w": ["{U+0936}{U+094D}{U+0930}", "{U+0936}{U+094D}{U+091A}", "{U+0936}{U+094D}{U+0935}"],
		"x": ["{U+0915}{U+094D}{U+0937}"],
		"y": ["{U+095F}", "{U+097A}"],
		"z": ["{U+0979}", "{U+097C}"],

		"1": ["{U+093C}"],
		"3": ["{U+090D}", "{U+0972}"],
		"4": ["{U+0944}", "{U+0960}"],
		"5": ["{U+0963}", "{U+0961}"],
		"6": ["{U+093B}", "{U+0974}"],
		"7": ["{U+0957}", "{U+0977}"],
		"8": ["{U+A8FF}", "{U+A8FE}"],
		"9": ["{U+094F}", "{U+0975}"],
		"0": ["{U+0911}"],

		"\\": ["{U+0965}", "{U+0970}"],
		"space": ["{U+094D}", "{U+094D}{U+200C}", "{U+094D}{U+200D}"]
	}
}
