﻿{
	"Language": "Arabic ( عَرَبِيّ )",
	"Transpositions":
	{
		"a": ["{U+064E}{U+0627}"],
		"e": ["{U+063A}"],
		"i": ["{U+0650}{U+064A}"],
		"u": ["{U+064F}{U+0648}"],
		"o": ["{U+0654}{U+0655}"],

		"d": ["{U+0630}", "{U+0636}"],
		"h": ["{U+0629}", "{U+062D}"],
		"l": ["{U+FEFC}"],
		"r": ["{U+0632}", "{U+0698}"],
		"s": ["{U+0634}", "{U+0635}", "{U+0636}"],
		"t": ["{U+062B}", "{U+0637}", "{U+0638}"],
		"q": ["{U+06A8}", "{U+08BC}"],
		"w": ["{U+0624}"],
		"y": ["{U+0626}"],
		"z": ["{U+0698}"]
	}
}
